,PredRet,NetProfit,GrossProfit,Var,Sharpe,R2
AME,1.0014464855194092,-0.27667814113597233,1.024096385542169,0.07293908546901179,-3.793276800463745,-0.01202576311373651
NOW,1.0063012838363647,-2.2508699522537827,-1.1928866229667388,0.24647996896159247,-9.132060348852594,-0.021340338578510698
XYL,1.013030767440796,-0.037971056025218594,0.2600659120217795,0.021948640458458315,-1.7299958019762522,-0.01015133395366179
BAC,1.0002093315124512,-0.4695290858725769,0.28670360110803256,0.15714135649160982,-2.987940896379192,-0.03184249012777647
TGI,1.0092601776123047,-0.15313991920675718,-0.8887256702166727,1.3733365174743986,-0.11150939135968985,-0.0034433664713678256
