,PredRet,NetProfit,GrossProfit,Var,Sharpe,R2
AME,1.011758089,0,1.300774527,0.023771804,0,-0.02371988
NOW,1.016303539,-0.435340293,0.622643036,0.080807251,-5.387391427,-0.022461767
XYL,1.008563042,0.369537183,0.667574151,0.210776198,1.75322065,-0.008049578
BAC,0.991406977,-0.797783934,-0.041551247,0.13335321,-5.982487642,-0.017188202
TGI,1.006663322,0.335659199,-0.399926552,0.268588074,1.249717435,-0.003158291
