,PredRet,NetProfit,GrossProfit,Var,Sharpe,R2
AME,1.0006674528121948,-3.0148450946643717,-1.7140705679862305,0.2572075449108607,-11.721448896598538,-0.010021008377867013
NOW,0.9983630180358887,-0.3684551266488628,0.6895282026381812,0.1107017441255592,-3.3283588187926005,-0.031179640016709607
XYL,1.0016270875930786,-0.127668720447055,0.1703682475999431,0.20097047593607398,-0.635261073990483,-0.012321609457195492
BAC,0.994688868522644,-1.4494459833795004,-0.6932132963988908,0.21899409248695262,-6.61865334474258,-0.029631665082356172
TGI,0.9936661720275879,-0.09511568123393394,-0.8307014322438495,1.1888567720713297,-0.0800060053156904,-0.005030166800980629
