,PredRet,NetProfit,GrossProfit,Var,Sharpe,L1_MSE,L2_MSE,OLS_MSE
AME,[-0.04318508],-1.1234567901234567,0.1528309919114517,0.12752455710917346,-8.809729008991328,0.015397007892543934,0.015054999109314465,0.015504155506396956
NOW,0.07229727384572007,-0.612456894716676,0.5528545276512411,0.13369955203728193,-4.580844777594268,0.026237211599346673,0.0266600866547372,0.02623691795058547
XYL,[-0.10705587],0.05050841806967806,0.5605934322387063,0.09667216054461546,0.5224711828631137,0.019707887571286116,0.019666879024650894,0.01970806684437828
BAC,[-0.1172713],-0.8205312275664034,0.0,0.0,-inf,0.014860393945846208,0.016858202055594795,0.01720642169036568
TGI,[-0.40560318],0.11667208319792016,-0.6493337666558335,1.1419177699999445,0.10217205324506495,0.03750070715325981,0.037488705644427855,0.037501826111178437
